Rk,Player,Tm,2023-24,2024-25,2025-26,2026-27,2027-28,2028-29,Guaranteed,Salary Count,Average Salary
1,Stephen Curry,GSW,"$51,915,615","$55,761,216","$59,606,817",,,,167283648.0,3,55761216.0
2,Kevin Durant,PHO,"$47,649,433","$51,179,021","$54,708,609",,,,153537063.0,3,51179021.0
3,Nikola Jokić,DEN,"$47,607,350","$51,415,938","$55,224,526","$59,033,114","$62,841,702",,213280928.0,5,42656185.6
4,Joel Embiid,PHI,"$47,607,350","$51,415,938","$55,224,526","$59,033,114",,,154247814.0,4,38561953.5
5,LeBron James,LAL,"$47,607,350","$51,415,938",,,,,47607350.0,2,23803675.0
6,Bradley Beal,PHO,"$46,741,590","$50,203,930","$53,666,270","$57,128,610",,,150611790.0,4,37652947.5
7,Giannis Antetokounmpo,MIL,"$45,640,084","$48,787,676","$68,302,746","$73,766,966","$79,231,186",,236497472.0,5,47299494.4
8,Kawhi Leonard,LAC,"$45,640,084","$52,368,085","$50,000,000","$50,300,000",,,198308169.0,4,49577042.25
9,Damian Lillard,MIL,"$45,640,084","$48,787,676","$58,545,211","$63,228,828",,,152972971.0,4,38243242.75
10,Paul George,LAC,"$45,640,084","$48,787,676",,,,,45640084.0,2,22820042.0
11,Jimmy Butler,MIA,"$45,183,960","$48,798,677","$52,413,394",,,,93982637.0,3,31327545.666666668
12,Klay Thompson,GSW,"$43,219,440",,,,,,43219440.0,1,43219440.0
13,Rudy Gobert,MIN,"$41,000,000","$43,827,586","$46,655,172",,,,84827586.0,3,28275862.0
14,Fred VanVleet,HOU,"$40,806,300","$42,846,615","$44,886,930",,,,128539845.0,3,42846615.0
15,Anthony Davis,LAL,"$40,600,080","$43,219,440","$60,507,216","$65,347,793","$70,188,370",,279862899.0,5,55972579.8
16,Trae Young,ATL,"$40,064,220","$43,031,940","$45,999,660","$48,967,380",,,178063200.0,4,44515800.0
17,Luka Dončić,DAL,"$40,064,220","$43,031,940","$45,999,660","$48,967,380",,,129095820.0,4,32273955.0
18,Zach LaVine,CHI,"$40,064,220","$43,031,940","$45,999,660","$48,967,380",,,129095820.0,4,32273955.0
19,Tobias Harris,PHI,"$39,270,150",,,,,,39270150.0,1,39270150.0
20,Ben Simmons,BRK,"$37,893,408","$40,338,144",,,,,78231552.0,2,39115776.0
21,Pascal Siakam,IND,"$37,893,408",,,,,,37893408.0,1,37893408.0
22,Kyrie Irving,DAL,"$37,037,037","$40,000,000","$42,962,963",,,,77037037.0,3,25679012.333333332
23,Jrue Holiday,BOS,"$36,861,707","$30,000,000","$32,400,000","$34,800,000","$37,200,000",,134061707.0,5,26812341.4
24,Devin Booker,PHO,"$36,016,200","$49,700,000","$53,676,000","$57,652,000","$61,628,000",,258672200.0,5,51734440.0
25,Karl-Anthony Towns,MIN,"$36,016,200","$49,245,000","$53,184,600","$57,124,200","$61,063,800",,195570000.0,5,39114000.0
26,Kristaps Porziņģis,BOS,"$36,016,200","$29,268,293","$30,731,707",,,,96016200.0,3,32005400.0
27,CJ McCollum,NOP,"$35,802,469","$33,333,333","$30,666,666",,,,99802468.0,3,33267489.333333332
28,James Harden,LAC,"$35,680,595",,,,,,35680595.0,1,35680595.0
29,Zion Williamson,NOP,"$34,005,250","$36,725,670","$39,446,090","$42,166,510","$44,886,930",,197230450.0,5,39446090.0
30,Ja Morant,MEM,"$34,005,250","$36,725,670","$39,446,090","$42,166,510","$44,886,930",,197230450.0,5,39446090.0
31,Darius Garland,CLE,"$34,005,250","$36,725,670","$39,446,090","$42,166,510","$44,886,930",,197230450.0,5,39446090.0
32,Brandon Ingram,NOP,"$33,833,400","$36,016,200",,,,,69849600.0,2,34924800.0
33,Jamal Murray,DEN,"$33,833,400","$36,016,200",,,,,69849600.0,2,34924800.0
34,Shai Gilgeous-Alexander,OKC,"$33,386,850","$35,859,950","$38,333,050","$40,806,150",,,148386000.0,4,37096500.0
35,Michael Porter Jr.,DEN,"$33,386,850","$35,859,950","$38,333,050","$40,806,150",,,119579850.0,4,29894962.5
36,Gordon Hayward,OKC,"$33,319,397",,,,,,33319397.0,1,33319397.0
37,Donovan Mitchell,CLE,"$33,162,030","$35,410,310","$37,096,620",,,,68572340.0,3,22857446.666666668
38,De'Aaron Fox,SAC,"$32,600,060","$34,848,340","$37,096,620",,,,104545020.0,3,34848340.0
39,Bam Adebayo,MIA,"$32,600,060","$34,848,340","$37,096,620",,,,104545020.0,3,34848340.0
40,Jayson Tatum,BOS,"$32,600,060","$34,848,340","$37,096,620",,,,67448400.0,3,22482800.0
41,Deandre Ayton,POR,"$32,459,438","$34,005,126","$35,550,814",,,,102015378.0,3,34005126.0
42,Jaylen Brown,BOS,"$31,830,357","$49,700,000","$53,676,000","$57,652,000","$61,628,000","$65,604,000",320090357.0,6,53348392.833333336
43,Chris Paul,GSW,"$30,800,000","$30,000,000",,,,,30800000.0,2,15400000.0
44,Domantas Sabonis,SAC,"$30,600,000","$41,800,000","$44,936,000","$48,072,000","$51,208,000",,216616000.0,5,43323200.0
45,Kyle Lowry,CHO,"$32,478,379",,,,,,29682540.0,1,29682540.0
46,Khris Middleton,MIL,"$29,320,988","$31,666,667","$34,012,345",,,,60987655.0,3,20329218.333333332
47,DeMar DeRozan,CHI,"$28,600,000",,,,,,28600000.0,1,28600000.0
48,Julius Randle,NYK,"$28,226,880","$30,317,760","$32,408,640",,,,58544640.0,3,19514880.0
49,Jerami Grant,POR,"$27,586,207","$29,793,104","$32,000,001","$34,206,898","$36,413,790",,123586210.0,5,24717242.0
50,Jordan Poole,WAS,"$27,455,357","$29,651,786","$31,848,215","$34,044,642",,,123000000.0,4,30750000.0
51,Jaren Jackson Jr.,MEM,"$27,102,202","$25,257,798","$23,413,395",,,,75773395.0,3,25257798.333333332
52,Tyler Herro,MIA,"$27,000,000","$29,000,000","$31,000,000","$33,000,000",,,120000000.0,4,30000000.0
53,Jalen Brunson,NYK,"$26,346,666","$24,960,001","$24,960,001",,,,51306667.0,3,17102222.333333332
54,Cameron Johnson,BRK,"$25,679,348","$23,625,000","$21,570,652","$23,625,000",,,94500000.0,4,23625000.0
55,Kyle Kuzma,WAS,"$25,568,182","$23,522,727","$21,477,272","$19,431,819",,,90000000.0,4,22500000.0
56,John Collins,UTA,"$25,340,000","$26,580,000","$26,580,000",,,,51920000.0,3,17306666.666666668
57,Brook Lopez,MIL,"$25,000,000","$23,000,000",,,,,48000000.0,2,24000000.0
58,Mike Conley,MIN,"$24,360,000","$9,975,962","$10,774,038",,,,45110000.0,3,15036666.666666666
59,Andrew Wiggins,GSW,"$24,330,357","$26,276,786","$28,223,215","$30,169,644",,,78830358.0,4,19707589.5
60,Anfernee Simons,POR,"$24,107,143","$25,892,857","$27,678,571",,,,77678571.0,3,25892857.0
61,RJ Barrett,TOR,"$23,883,929","$25,794,643","$27,705,357","$29,616,071",,,107000000.0,4,26750000.0
62,Jordan Clarkson,UTA,"$23,487,629","$14,092,577","$14,285,714",,,,51865920.0,3,17288640.0
63,Terry Rozier,MIA,"$23,205,221","$24,924,126","$26,643,031",,,,74772378.0,3,24924126.0
64,Dillon Brooks,HOU,"$22,627,671","$22,255,493","$21,124,110","$19,992,727",,,86000001.0,4,21500000.25
65,Malcolm Brogdon,POR,"$22,500,000","$22,500,000",,,,,45000000.0,2,22500000.0
66,Draymond Green,GSW,"$22,321,429","$24,107,143","$25,892,857","$27,678,571",,,100000000.0,4,25000000.0
67,Aaron Gordon,DEN,"$22,266,182","$23,841,455","$23,841,455",,,,46107637.0,3,15369212.333333334
68,Bruce Brown,TOR,"$22,000,000","$23,000,000",,,,,22000000.0,2,11000000.0
69,Mikal Bridges,BRK,"$21,700,000","$23,300,000","$24,900,000",,,,69900000.0,3,23300000.0
70,Myles Turner,IND,"$20,975,000","$19,928,500",,,,,40903500.0,2,20451750.0
71,Clint Capela,ATL,"$20,616,000","$22,265,280",,,,,42881280.0,2,21440640.0
72,Lonzo Ball,CHI,"$20,465,117","$21,395,348",,,,,41860465.0,2,20930232.5
73,Spencer Dinwiddie,TOR,"$21,911,797",,,,,,20357143.0,1,20357143.0
74,De'Andre Hunter,ATL,"$20,089,286","$21,696,429","$23,303,571","$24,910,714",,,90000000.0,4,22500000.0
75,Keldon Johnson,SAS,"$20,000,000","$19,000,000","$17,500,000","$17,500,000",,,74000000.0,4,18500000.0
76,Jarrett Allen,CLE,"$20,000,000","$20,000,000","$20,000,000",,,,60000000.0,3,20000000.0
77,Bojan Bogdanović,NYK,"$20,000,000","$19,032,850",,,,,20000000.0,2,10000000.0
78,Joe Harris,DET,"$19,928,571",,,,,,19928571.0,1,19928571.0
79,Buddy Hield,PHI,"$19,845,098",,,,,,19845098.0,1,19845098.0
80,Jakob Poeltl,TOR,"$19,500,000","$19,500,000","$19,500,000","$19,500,000",,,58500000.0,4,14625000.0
81,Evan Fournier,DET,"$18,857,143","$19,000,000",,,,,37857143.0,2,18928571.5
82,Marcus Smart,MEM,"$18,833,713","$20,210,284","$21,586,855",,,,60630852.0,3,20210284.0
83,Bogdan Bogdanović,ATL,"$18,700,000","$17,260,000","$16,020,000","$16,020,000",,,51980000.0,4,12995000.0
84,OG Anunoby,NYK,"$18,642,857","$19,928,571",,,,,18642857.0,2,9321428.5
85,Gary Trent Jr.,TOR,"$18,560,000",,,,,,18560000.0,1,18560000.0
86,Nikola Vučević,CHI,"$18,518,519","$20,000,000","$21,481,481",,,,60000000.0,3,20000000.0
87,Derrick White,BOS,"$18,357,143","$19,571,429",,,,,37928572.0,2,18964286.0
88,Dejounte Murray,ATL,"$18,214,000","$25,499,599","$27,539,568","$29,579,537","$31,619,506",,100832704.0,5,20166540.8
89,Duncan Robinson,MIA,"$18,154,000","$19,406,000","$19,888,000",,,,47448000.0,3,15816000.0
90,Norman Powell,LAC,"$18,000,000","$19,241,379","$20,482,758",,,,57724137.0,3,19241379.0
91,Tim Hardaway Jr.,DAL,"$17,897,728","$16,193,183",,,,,34090911.0,2,17045455.5
92,Jonathan Isaac,ORL,"$17,400,000","$17,400,000",,,,,34800000.0,2,17400000.0
93,Collin Sexton,UTA,"$17,325,000","$18,150,000","$18,975,000",,,,54450000.0,3,18150000.0
94,D'Angelo Russell,LAL,"$17,307,693","$18,692,307",,,,,36000000.0,2,18000000.0
95,Lauri Markkanen,UTA,"$17,259,999","$18,044,544",,,,,23259999.0,2,11629999.5
96,Marcus Morris,SAS,"$17,429,682",,,,,,17116279.0,1,17116279.0
97,Harrison Barnes,SAC,"$17,000,000","$18,000,000","$19,000,000",,,,54000000.0,3,18000000.0
98,Dāvis Bertāns,CHO,"$17,000,000","$16,000,000",,,,,28000000.0,2,14000000.0
99,Markelle Fultz,ORL,"$17,000,000",,,,,,17000000.0,1,17000000.0
100,Jusuf Nurkić,PHO,"$16,875,000","$18,125,000","$19,375,000",,,,54375000.0,3,18125000.0
101,P.J. Washington,DAL,"$16,847,826","$15,500,000","$14,152,174",,,,46500000.0,3,15500000.0
102,Kevin Porter Jr.,OKC,"$15,860,000","$1,000,000",,,,,16860000.0,2,8430000.0
103,Rui Hachimura,LAL,"$15,740,741","$17,000,000","$18,259,259",,,,51000000.0,3,17000000.0
104,Mitchell Robinson,NYK,"$15,681,818","$14,318,182","$12,954,546",,,,42954546.0,3,14318182.0
105,Kevin Huerter,SAC,"$15,669,643","$16,830,357","$17,991,071",,,,50491071.0,3,16830357.0
106,Jonas Valančiūnas,NOP,"$15,435,000",,,,,,15435000.0,1,15435000.0
107,Caris LeVert,CLE,"$15,384,616","$16,615,384",,,,,32000000.0,2,16000000.0
108,Luguentz Dort,OKC,"$15,277,778","$16,500,000","$17,722,222","$17,722,222",,,49500000.0,4,12375000.0
109,Luke Kennard,MEM,"$14,763,636","$14,763,636",,,,,14763636.0,2,7381818.0
110,Kentavious Caldwell-Pope,DEN,"$14,704,938","$15,440,185",,,,,14704938.0,2,7352469.0
111,Max Strus,CLE,"$14,487,684","$15,212,068","$15,936,452","$16,660,836",,,62297040.0,4,15574260.0
112,Tyus Jones,WAS,"$14,000,000",,,,,,14000000.0,1,14000000.0
113,Dorian Finney-Smith,BRK,"$13,932,008","$14,924,167","$15,378,480",,,,28856175.0,3,9618725.0
114,Doug McDermott,IND,"$13,750,000",,,,,,13750000.0,1,13750000.0
115,Anthony Edwards,MIN,"$13,534,817","$42,300,000","$45,684,000","$49,068,000","$52,452,000","$55,836,000",258874817.0,6,43145802.833333336
116,Wendell Carter Jr.,ORL,"$13,050,000","$11,950,000","$10,850,000",,,,35850000.0,3,11950000.0
117,Gary Harris,ORL,"$13,000,000",,,,,,13000000.0,1,13000000.0
118,Josh Hart,NYK,"$12,960,000","$18,144,000","$19,472,240","$20,923,760","$22,375,280",,71500000.0,5,14300000.0
119,Naz Reid,MIN,"$12,950,400","$13,986,432","$15,022,464",,,,26936832.0,3,8978944.0
120,Steven Adams,HOU,"$12,600,000","$12,600,000",,,,,25200000.0,2,12600000.0
121,Brandon Clarke,MEM,"$12,500,000","$12,500,000","$12,500,000","$12,500,000",,,50000000.0,4,12500000.0
122,Marvin Bagley III,WAS,"$12,500,000","$12,500,000",,,,,25000000.0,2,12500000.0
123,Grant Williams,CHO,"$12,405,000","$13,025,250","$13,645,500","$14,265,750",,,53341500.0,4,13335375.0
124,Dennis Schröder,BRK,"$12,405,000","$13,025,250",,,,,25430250.0,2,12715125.0
125,Daniel Gafford,DAL,"$12,402,000","$13,394,160","$14,386,320",,,,40182480.0,3,13394160.0
126,Kelly Olynyk,TOR,"$12,195,122","$12,804,878","$13,445,122",,,,38445122.0,3,12815040.666666666
127,Victor Wembanyama,SAS,"$12,160,680","$12,768,960","$13,376,880","$16,868,246",,,24929640.0,4,6232410.0
128,James Wiseman,DET,"$12,119,440",,,,,,12119440.0,1,12119440.0
129,Devonte' Graham,SAS,"$12,100,000","$12,650,000",,,,,14950000.0,2,7475000.0
130,Richaun Holmes,WAS,"$12,046,020","$12,876,780",,,,,12046020.0,2,6023010.0
131,Herbert Jones,NOP,"$12,015,150","$12,976,362","$13,937,574","$14,898,786",,,53827872.0,4,13456968.0
132,Austin Reaves,LAL,"$12,015,150","$12,976,362","$13,937,574","$14,898,786",,,38929086.0,4,9732271.5
133,Chris Boucher,TOR,"$11,750,000","$10,810,000",,,,,22560000.0,2,11280000.0
134,Bobby Portis,MIL,"$11,710,818","$12,578,286","$13,445,754",,,,24289104.0,3,8096368.0
135,Nicolas Batum,PHI,"$11,710,818",,,,,,11710818.0,1,11710818.0
136,Robert Covington,PHI,"$11,692,308",,,,,,11692308.0,1,11692308.0
137,Paolo Banchero,ORL,"$11,608,080","$12,160,800","$15,334,769",,,,23768880.0,3,7922960.0
138,Robert Williams,POR,"$11,571,429","$12,428,571","$13,285,713",,,,37285713.0,3,12428571.0
139,Coby White,CHI,"$11,111,111","$12,000,000","$12,888,889",,,,36000000.0,3,12000000.0
140,Cade Cunningham,DET,"$11,055,360","$13,940,809",,,,,24996169.0,2,12498084.5
141,Talen Horton-Tucker,UTA,"$11,020,000",,,,,,11020000.0,1,11020000.0
142,P.J. Tucker,LAC,"$11,014,500","$11,539,000",,,,,11014500.0,2,5507250.0
143,Reggie Bullock,SAS,"$13,033,786",,,,,,11014080.0,1,11014080.0
144,Maxi Kleber,DAL,"$11,000,000","$11,000,000","$11,000,000",,,,33000000.0,3,11000000.0
145,Joe Ingles,ORL,"$11,000,000","$11,000,000",,,,,11000000.0,2,5500000.0
146,Ivica Zubac,LAC,"$10,933,333","$11,743,210",,,,,22676543.0,2,11338271.5
147,LaMelo Ball,CHO,"$10,900,635","$35,250,000","$38,070,000","$40,890,000","$43,710,000","$46,530,000",215350635.0,6,35891772.5
148,Donte DiVincenzo,NYK,"$10,900,000","$11,445,000","$11,990,000","$12,535,000",,,46870000.0,4,11717500.0
149,Brandon Miller,CHO,"$10,880,400","$11,424,600","$11,968,800","$15,104,626",,,22305000.0,4,5576250.0
150,Terance Mann,LAC,"$10,576,923","$11,423,077",,,,,22000000.0,2,11000000.0
151,Gabe Vincent,LAL,"$10,500,000","$11,000,000","$11,500,000",,,,33000000.0,3,11000000.0
152,Matisse Thybulle,POR,"$10,500,000","$11,025,000","$11,550,000",,,,21525000.0,3,7175000.0
153,Alec Burks,NYK,"$10,489,600",,,,,,10489600.0,1,10489600.0
154,Chet Holmgren,OKC,"$10,386,000","$10,880,640","$13,731,368",,,,21266640.0,3,7088880.0
155,Larry Nance Jr.,NOP,"$10,375,000","$11,205,000",,,,,21580000.0,2,10790000.0
156,Landry Shamet,WAS,"$10,250,000","$11,000,000","$11,750,000",,,,33000000.0,3,11000000.0
157,Al Horford,BOS,"$10,000,000","$9,500,000",,,,,19500000.0,2,9750000.0
158,Malik Monk,SAC,"$9,945,830",,,,,,9945830.0,1,9945830.0
159,Tre Jones,SAS,"$9,895,833","$9,104,167",,,,,19000000.0,2,9500000.0
160,Jalen Green,HOU,"$9,891,480","$12,483,048",,,,,22374528.0,2,11187264.0
161,Patrick Williams,CHI,"$9,835,881",,,,,,9835881.0,1,9835881.0
162,Monte Morris,MIN,"$9,800,926",,,,,,9800926.0,1,9800926.0
163,Scoot Henderson,POR,"$9,770,880","$10,259,160","$10,748,040","$13,585,523",,,20030040.0,4,5007510.0
164,Nic Claxton,BRK,"$9,625,000",,,,,,9625000.0,1,9625000.0
165,Jeff Green,HOU,"$9,600,000","$9,600,000",,,,,19200000.0,2,9600000.0
166,Royce O'Neale,PHO,"$9,500,000",,,,,,9500000.0,1,9500000.0
167,Alex Caruso,CHI,"$9,460,000","$9,890,000",,,,,12460000.0,2,6230000.0
168,Victor Oladipo,MEM,"$9,450,000",,,,,,9450000.0,1,9450000.0
169,Pat Connaughton,MIL,"$9,423,869","$9,423,869","$9,423,869",,,,18847738.0,3,6282579.333333333
170,Jabari Smith Jr.,HOU,"$9,326,520","$9,770,880","$12,350,392",,,,19097400.0,3,6365800.0
171,Isaiah Hartenstein,NYK,"$9,245,121",,,,,,9245121.0,1,9245121.0
172,Kyle Anderson,MIN,"$9,219,512",,,,,,9219512.0,1,9219512.0
173,Grayson Allen,PHO,"$8,925,000","$15,625,000","$16,875,000","$18,125,000","$19,375,000",,59550000.0,5,11910000.0
174,Isaac Okoro,CLE,"$8,920,795",,,,,,8920795.0,1,8920795.0
175,Evan Mobley,CLE,"$8,882,640","$11,227,657",,,,,20110297.0,2,10055148.5
176,Amen Thompson,HOU,"$8,809,320","$9,249,960","$9,690,600","$12,258,609",,,18059280.0,4,4514820.0
177,Georges Niang,CLE,"$8,800,000","$8,500,000","$8,200,000",,,,25500000.0,3,8500000.0
178,Gary Payton II,GSW,"$8,715,000","$9,130,000",,,,,8715000.0,2,4357500.0
179,T.J. McConnell,IND,"$8,700,000","$9,300,000",,,,,13700000.0,2,6850000.0
180,Keegan Murray,SAC,"$8,409,000","$8,809,560","$11,144,093",,,,17218560.0,3,5739520.0
181,Delon Wright,WAS,"$8,856,750",,,,,,8195122.0,1,8195122.0
182,Onyeka Okongwu,ATL,"$8,109,063","$14,000,000","$15,000,000","$16,120,000","$16,880,000",,70109063.0,5,14021812.6
183,Scottie Barnes,TOR,"$8,008,680","$10,130,980",,,,,18139660.0,2,9069830.0
184,Jock Landale,HOU,"$8,000,000","$8,000,000","$8,000,000","$8,000,000",,,24000000.0,4,6000000.0
185,Trey Lyles,SAC,"$8,000,000","$8,000,000",,,,,16000000.0,2,8000000.0
186,De'Anthony Melton,PHI,"$8,000,000",,,,,,8000000.0,1,8000000.0
187,Moritz Wagner,ORL,"$8,000,000","$8,000,000",,,,,8000000.0,2,4000000.0
188,Thaddeus Young,BRK,"$8,638,413",,,,,,8000000.0,1,8000000.0
189,Ausar Thompson,DET,"$7,977,480","$8,376,000","$8,775,000","$11,117,925",,,16353480.0,4,4088370.0
190,Miles Bridges,CHO,"$7,921,300",,,,,,7921300.0,1,7921300.0
191,Vasilije Micić,CHO,"$7,723,000","$7,723,000","$8,109,150",,,,15446000.0,3,5148666.666666667
192,Paul Reed,PHI,"$7,723,000","$7,723,000","$8,109,150",,,,7723000.0,3,2574333.3333333335
193,Zach Collins,SAS,"$7,700,000","$16,741,200","$18,080,496",,,,42521696.0,3,14173898.666666666
194,Jaden Ivey,DET,"$7,614,480","$7,977,240","$10,107,163",,,,15591720.0,3,5197240.0
195,Cody Martin,CHO,"$7,560,000","$8,120,000","$8,680,000",,,,15680000.0,3,5226666.666666667
196,Kevon Looney,GSW,"$7,500,000","$8,000,000",,,,,15500000.0,2,7750000.0
197,Killian Hayes,DET,"$7,413,955",,,,,,7413955.0,1,7413955.0
198,Jalen Suggs,ORL,"$7,252,080","$9,188,385",,,,,16440465.0,2,8220232.5
199,Anthony Black,ORL,"$7,245,480","$7,607,760","$7,970,280","$10,106,316",,,14853240.0,4,3713310.0
200,Khem Birch,SAS,"$6,985,000",,,,,,6985000.0,1,6985000.0
201,Daniel Theis,IND,"$8,670,002",,,,,,6928876.0,1,6928876.0
202,Bennedict Mathurin,IND,"$6,916,080","$7,245,720","$9,187,573",,,,14161800.0,3,4720600.0
203,Obi Toppin,IND,"$6,803,012",,,,,,6803012.0,1,6803012.0
204,Caleb Martin,MIA,"$6,802,950","$7,126,900",,,,,6802950.0,2,3401475.0
205,John Wall,HOU,"$6,802,950",,,,,,6802950.0,1,6802950.0
206,Danilo Gallinari,DET,"$7,464,578",,,,,,6802950.0,1,6802950.0
207,Patty Mills,ATL,"$7,267,250",,,,,,6802950.0,1,6802950.0
208,Cedi Osman,SAS,"$6,718,842",,,,,,6718842.0,1,6718842.0
209,Bilal Coulibaly,WAS,"$6,614,280","$6,945,240","$7,275,600","$9,240,012",,,13559520.0,4,3389880.0
210,Josh Giddey,OKC,"$6,587,040","$8,352,367",,,,,14939407.0,2,7469703.5
211,Cameron Payne,SAS,"$8,519,706",,,,,,6500000.0,1,6500000.0
212,Jae'Sean Tate,HOU,"$6,500,000","$7,065,217",,,,,6500000.0,2,3250000.0
213,Ayo Dosunmu,CHI,"$6,481,482","$7,000,000","$7,518,518",,,,21000000.0,3,7000000.0
214,Rudy Gay,OKC,,,,,,,6479000.0,0,inf
215,Sasha Vezenkov,SAC,"$6,341,464","$6,658,536","$6,975,609",,,,13000000.0,3,4333333.333333333
216,Shaedon Sharpe,POR,"$6,313,800","$6,614,160","$8,399,983",,,,12927960.0,3,4309320.0
217,Otto Porter Jr.,UTA,"$6,300,000",,,,,,6300000.0,1,6300000.0
218,Deni Avdija,WAS,"$6,263,188","$15,625,000","$14,375,000","$13,125,000","$11,875,000",,61263188.0,5,12252637.6
219,Nassir Little,PHO,"$6,250,000","$6,750,000","$7,250,000","$7,750,000",,,28000000.0,4,7000000.0
220,Jevon Carter,CHI,"$6,190,476","$6,500,000","$6,809,524",,,,12690476.0,3,4230158.666666667
221,Kenrich Williams,OKC,"$6,175,000","$6,669,000","$7,163,000","$7,163,000",,,20007000.0,4,5001750.0
222,Jarace Walker,IND,"$6,059,520","$6,362,520","$6,665,520","$8,478,542",,,12422040.0,4,3105510.0
223,Jonathan Kuminga,GSW,"$6,012,840","$7,636,307",,,,,13649147.0,2,6824573.5
224,Devin Vassell,SAS,"$5,887,899","$29,347,826","$27,000,000","$27,000,000","$24,652,174","$27,000,000",140887899.0,6,23481316.5
225,Tyrese Haliburton,IND,"$5,808,435","$42,300,000","$45,684,000","$49,068,000","$52,452,000","$55,836,000",251148435.0,6,41858072.5
226,Dyson Daniels,NOP,"$5,784,120","$6,059,520","$7,707,709",,,,11843640.0,3,3947880.0
227,Kira Lewis Jr.,UTA,"$5,722,116",,,,,,5722116.0,1,5722116.0
228,Dean Wade,CLE,"$5,709,877","$6,166,667","$6,623,456",,,,11876544.0,3,3958848.0
229,Aaron Nesmith,IND,"$5,634,257","$11,000,000","$11,000,000","$11,000,000",,,38634257.0,4,9658564.25
230,Taylor Hendricks,UTA,"$5,569,920","$5,848,680","$6,127,080","$7,805,900",,,11418600.0,4,2854650.0
231,Cole Anthony,ORL,"$5,539,771","$12,900,000","$13,100,000","$13,100,000",,,31539771.0,4,7884942.75
232,Franz Wagner,ORL,"$5,508,720","$7,007,092",,,,,12515812.0,2,6257906.0
233,Furkan Korkmaz,IND,"$5,370,370",,,,,,5370370.0,1,5370370.0
234,Jeremy Sochan,SAS,"$5,316,960","$5,570,040","$7,096,231",,,,10887000.0,3,3629000.0
235,Cason Wallace,OKC,"$5,291,400","$5,555,880","$5,820,240","$7,420,806",,,10847280.0,4,2711820.0
236,Isaiah Stewart,DET,"$5,266,713","$15,000,000","$15,000,000","$15,000,000","$15,000,000",,50266713.0,5,10053342.6
237,Chuma Okeke,ORL,"$5,266,713",,,,,,5266713.0,1,5266713.0
238,Davion Mitchell,SAC,"$5,063,640","$6,451,077",,,,,11514717.0,2,5757358.5
239,Johnny Davis,WAS,"$5,050,800","$5,291,160","$6,746,229",,,,10341960.0,3,3447320.0
240,Jalen Smith,IND,"$5,043,773","$5,417,386",,,,,5043773.0,2,2521886.5
241,Jett Howard,ORL,"$5,026,800","$5,278,320","$5,529,720","$7,337,939",,,10305120.0,4,2576280.0
242,Aleksej Pokusevski,OKC,"$5,574,809","$2,273,252",,,,,5009633.0,2,2504816.5
243,Nick Richards,CHO,"$5,000,000","$5,000,000","$5,000,000",,,,10000000.0,3,3333333.3333333335
244,Bismack Biyombo,MEM,"$5,754,488",,,,,,5000000.0,1,5000000.0
245,Mason Plumlee,LAC,"$5,000,000",,,,,,5000000.0,1,5000000.0
246,Shake Milton,DET,"$5,475,908","$5,000,000",,,,,5000000.0,2,2500000.0
247,Reggie Jackson,DEN,"$5,000,000","$5,250,000",,,,,5000000.0,2,2500000.0
248,Ziaire Williams,MEM,"$4,810,200","$6,133,005",,,,,10943205.0,2,5471602.5
249,Ousmane Dieng,OKC,"$4,798,440","$5,027,040","$6,670,882",,,,9825480.0,3,3275160.0
250,Dereck Lively II,DAL,"$4,775,640","$5,014,560","$5,253,360","$7,239,131",,,9790200.0,4,2447550.0
251,Josh Green,DAL,"$4,765,339","$12,654,321","$13,666,667","$14,679,012",,,45765339.0,4,11441334.75
252,Jarred Vanderbilt,LAL,"$4,698,000","$10,714,286","$11,571,429","$12,428,571","$13,285,714",,39412286.0,5,7882457.2
253,Nickeil Alexander-Walker,MIN,"$4,687,500","$4,312,500",,,,,9000000.0,2,4500000.0
254,James Bouknight,CHO,"$4,570,080",,,,,,4570080.0,1,4570080.0
255,Jalen Williams,OKC,"$4,558,680","$4,775,760","$6,580,997",,,,9334440.0,3,3111480.0
256,Saddiq Bey,ATL,"$4,556,983",,,,,,4556983.0,1,4556983.0
257,Gradey Dick,TOR,"$4,536,720","$4,763,760","$4,990,560","$7,131,511",,,9300480.0,4,2325120.0
258,Jalen McDaniels,TOR,"$4,516,000","$4,741,800",,,,,9257800.0,2,4628900.0
259,Taurean Prince,LAL,"$4,516,000",,,,,,4516000.0,1,4516000.0
260,Precious Achiuwa,NYK,"$4,379,527",,,,,,4379527.0,1,4379527.0
261,Tyrese Maxey,PHI,"$4,343,920",,,,,,4343920.0,1,4343920.0
262,Joshua Primo,SAS,"$6,105,941","$2,196,970",,,,,4341600.0,2,2170800.0
263,Jalen Duren,DET,"$4,330,680","$4,536,840","$6,483,144",,,,8867520.0,3,2955840.0
264,Danuel House Jr.,DET,"$4,310,250",,,,,,4310250.0,1,4310250.0
265,Jordan Hawkins,NOP,"$4,310,160","$4,525,680","$4,741,320","$7,021,895",,,8835840.0,4,2208960.0
266,Zeke Nnaji,DEN,"$4,306,281","$8,888,889","$8,177,778","$7,466,667","$7,466,667",,28839615.0,5,5767923.0
267,Immanuel Quickley,TOR,"$4,171,548",,,,,,4171548.0,1,4171548.0
268,Chris Duarte,SAC,"$4,124,400","$5,893,768",,,,,10018168.0,2,5009084.0
269,Ochai Agbaji,TOR,"$4,114,200","$4,310,280","$6,383,525",,,,8424480.0,3,2808160.0
270,Kobe Bufkin,ATL,"$4,094,280","$4,299,000","$4,503,720","$6,904,203",,,8393280.0,4,2098320.0
271,Payton Pritchard,BOS,"$4,037,277","$6,696,429","$7,232,143","$7,767,857","$8,303,571",,34037277.0,5,6807455.4
272,Dwight Powell,DAL,"$4,000,000","$4,000,000","$4,000,000",,,,8000000.0,3,2666666.6666666665
273,Seth Curry,CHO,"$4,000,000","$4,000,000",,,,,8000000.0,2,4000000.0
274,Troy Brown Jr.,DET,"$4,000,000","$4,000,000",,,,,4000000.0,2,2000000.0
275,Moses Moody,GSW,"$3,918,480","$5,803,269",,,,,9721749.0,2,4860874.5
276,Mark Williams,CHO,"$3,908,160","$4,094,280","$6,276,531",,,,8002440.0,3,2667480.0
277,Jaden McDaniels,MIN,"$3,901,399","$22,586,207","$24,393,104","$26,200,001","$28,006,898","$29,813,790",134901399.0,6,22483566.5
278,Keyonte George,UTA,"$3,889,800","$4,084,200","$4,278,960","$6,563,925",,,7974000.0,4,1993500.0
279,Malachi Flynn,DET,"$3,873,025",,,,,,3873025.0,1,3873025.0
280,Desmond Bane,MEM,"$3,845,083","$34,005,250","$36,725,670","$39,446,090","$42,166,510","$44,886,930",201075533.0,6,33512588.833333332
281,Kevin Love,MIA,"$3,835,738","$4,027,525",,,,,3835738.0,2,1917869.0
282,Russell Westbrook,LAC,"$3,835,738","$4,027,525",,,,,3835738.0,2,1917869.0
283,Corey Kispert,WAS,"$3,722,040","$5,705,887",,,,,9427927.0,2,4713963.5
284,AJ Griffin,ATL,"$3,712,920","$3,889,920","$5,967,137",,,,7602840.0,3,2534280.0
285,Ricky Rubio,CLE,"$3,695,311","$1,301,031",,,,,4996342.0,2,2498171.0
286,Jalen Hood-Schifino,LAL,"$3,695,040","$3,879,840","$4,064,640","$6,243,288",,,7574880.0,4,1893720.0
287,Amir Coffey,LAC,"$3,666,667","$3,938,271",,,,,7604938.0,2,3802469.0
288,Alperen Sengun,HOU,"$3,536,280","$5,424,654",,,,,8960934.0,2,4480467.0
289,Tari Eason,HOU,"$3,527,160","$3,695,160","$5,675,766",,,,7222320.0,3,2407440.0
290,Jaime Jaquez Jr.,MIA,"$3,510,600","$3,685,800","$3,861,600","$5,939,141",,,7196400.0,4,1799100.0
291,Mike Muscala,DET,"$4,010,730",,,,,,3500000.0,1,3500000.0
292,Andre Drummond,CHI,"$3,360,000",,,,,,3360000.0,1,3360000.0
293,Derrick Jones Jr.,CHI,"$5,379,706",,,,,,,1,
294,Trey Murphy III,NOP,"$3,359,280","$5,159,854",,,,,8519134.0,2,4259567.0
295,Brandin Podziemski,GSW,"$3,352,440","$3,519,960","$3,687,960","$5,679,459",,,6872400.0,4,1718100.0
296,Dalen Terry,CHI,"$3,350,760","$3,510,480","$5,399,118",,,,6861240.0,3,2287080.0
297,Cam Whitmore,HOU,"$3,218,160","$3,379,080","$3,539,760","$5,458,310",,,6597240.0,4,1649310.0
298,Jake LaRavia,MEM,"$3,199,920","$3,352,680","$5,163,127",,,,6552600.0,3,2184200.0
299,Derrick Rose,MEM,"$3,196,448","$3,356,271",,,,,6552719.0,2,3276359.5
300,Eric Gordon,PHO,"$3,196,448","$3,356,271",,,,,3196448.0,2,1598224.0
301,Tre Mann,CHO,"$3,191,400","$4,908,373",,,,,8099773.0,2,4049886.5
302,Noah Clowney,BRK,"$3,089,520","$3,244,080","$3,398,640","$5,414,034",,,6333600.0,4,1583400.0
303,Malaki Branham,SAS,"$3,071,880","$3,217,920","$4,962,033",,,,6289800.0,3,2096600.0
304,Kai Jones,CHO,"$3,175,563","$2,196,970",,,,,3047880.0,2,1523940.0
305,Simone Fontecchio,DET,"$3,044,872",,,,,,3044872.0,1,3044872.0
306,Jordan Nwora,TOR,"$3,000,000",,,,,,3000000.0,1,3000000.0
307,Julian Champagnie,SAS,"$3,000,000","$3,000,000","$3,000,000","$3,000,000",,,3000000.0,4,750000.0
308,Dante Exum,DAL,"$3,000,000","$3,150,000",,,,,3000000.0,2,1500000.0
309,Dariq Whitehead,BRK,"$2,966,040","$3,114,240","$3,262,560","$5,366,912",,,6080280.0,4,1520070.0
310,Christian Braun,DEN,"$2,949,120","$3,089,640","$4,921,797",,,,6038760.0,3,2012920.0
311,Jalen Johnson,ATL,"$2,925,360","$4,510,905",,,,,7436265.0,2,3718132.5
312,Josh Richardson,MIA,"$2,891,467","$3,051,153",,,,,2891467.0,2,1445733.5
313,Kris Murray,POR,"$2,847,480","$2,990,040","$3,132,000","$5,315,004",,,5837520.0,4,1459380.0
314,Andrew Nicholson,POR,"$2,844,430",,,,,,2844430.0,1,2844430.0
315,Walker Kessler,UTA,"$2,831,160","$2,965,920","$4,878,938",,,,5797080.0,3,1932360.0
316,Josh Okogie,PHO,"$2,815,937","$2,956,734",,,,,2815937.0,2,1407968.5
317,Keon Johnson,PHO,"$2,808,720",,,,,,2808720.0,1,2808720.0
318,Omer Yurtseven,UTA,"$2,800,000","$2,660,000",,,,,2800000.0,2,1400000.0
319,Kyle Lowry,PHI,"$32,478,379",,,,,,2795839.0,1,2795839.0
320,Dewayne Dedmon,DET,"$2,748,674","$2,748,674",,,,,5497348.0,2,2748674.0
321,Olivier-Maxence Prosper,DAL,"$2,733,720","$2,870,400","$3,007,080","$5,259,383",,,5604120.0,4,1401030.0
322,David Roddy,PHO,"$2,718,240","$2,847,240","$4,831,766",,,,5565480.0,3,1855160.0
323,Christian Wood,LAL,"$2,709,849","$3,036,040",,,,,5745889.0,2,2872944.5
324,Isaiah Jackson,IND,"$2,696,280","$4,435,381",,,,,7131661.0,2,3565830.5
325,Marcus Sasser,DET,"$2,624,040","$2,755,080","$2,886,720","$5,198,983",,,5379120.0,4,1344780.0
326,MarJon Beauchamp,MIL,"$2,609,400","$2,733,720","$4,781,276",,,,5343120.0,3,1781040.0
327,Charles Bassey,SAS,"$2,600,000","$2,500,000","$2,500,000",,,,2600000.0,3,866666.6666666666
328,Usman Garuba,OKC,"$2,600,008",,,,,,2588400.0,1,2588400.0
329,Kris Dunn,UTA,"$2,586,665",,,,,,2586665.0,1,2586665.0
330,Damian Jones,CLE,"$2,586,665",,,,,,2586665.0,1,2586665.0
331,Bruno Fernando,ATL,"$2,581,522","$2,717,391","$2,853,260",,,,2581522.0,3,860507.3333333334
332,Ben Sheppard,IND,"$2,537,160","$2,663,880","$2,790,720","$5,031,669",,,5201040.0,4,1300260.0
333,Damion Lee,PHO,"$2,528,233","$2,845,342",,,,,2528233.0,2,1264116.5
334,Thomas Bryant,MIA,"$2,528,233","$2,845,342",,,,,2528233.0,2,1264116.5
335,Torrey Craig,CHI,"$2,528,233","$2,845,342",,,,,2528233.0,2,1264116.5
336,Blake Wesley,SAS,"$2,504,640","$2,624,280","$4,726,328",,,,5128920.0,3,1709640.0
337,Josh Christopher,MEM,"$2,485,200",,,,,,2485200.0,1,2485200.0
338,Nick Smith Jr.,CHO,"$2,463,960","$2,587,200","$2,710,680","$4,890,067",,,5051160.0,4,1262790.0
339,Brice Sensabaugh,UTA,"$2,448,600","$2,571,480","$2,693,760","$4,862,237",,,5020080.0,4,1255020.0
340,Ty Jerome,CLE,"$2,439,025","$2,560,975",,,,,5000000.0,2,2500000.0
341,Julian Strawther,DEN,"$2,431,080","$2,552,520","$2,674,200","$4,826,931",,,4983600.0,4,1245900.0
342,Tristan Vukcevic,WAS,"$2,424,892","$2,424,892",,,,,2424892.0,2,1212446.0
343,Wendell Moore Jr.,MIN,"$2,421,720","$2,537,040","$4,574,283",,,,4958760.0,3,1652920.0
344,Kobe Brown,LAC,"$2,413,320","$2,533,920","$2,654,880","$4,792,059",,,4947240.0,4,1236810.0
345,Luke Kornet,BOS,"$2,413,304",,,,,,2413304.0,1,2413304.0
346,John Konchar,MEM,"$2,400,000","$6,165,000","$6,165,000","$6,165,000",,,20895000.0,4,5223750.0
347,Quentin Grimes,DET,"$2,385,720","$4,296,682",,,,,6682402.0,2,3341201.0
348,Nikola Jović,MIA,"$2,352,000","$2,464,200","$4,445,417",,,,4816200.0,3,1605400.0
349,JaVale McGee,DAL,"$4,368,030","$2,208,856","$2,208,856","$2,208,856","$2,208,856",,11183748.0,5,2236749.6
350,Drew Eubanks,PHO,"$2,346,614","$2,654,644",,,,,5001258.0,2,2500629.0
351,Keita Bates-Diop,BRK,"$2,346,614","$2,654,644",,,,,5001258.0,2,2500629.0
352,Yuta Watanabe,MEM,"$2,346,614","$2,654,644",,,,,2346614.0,2,1173307.0
353,Patrick Baldwin Jr.,WAS,"$2,337,720","$2,448,840","$4,420,156",,,,4786560.0,3,1595520.0
354,TyTy Washington Jr.,OKC,"$2,320,440",,,,,,2320440.0,1,2320440.0
355,Jordan McLaughlin,MIN,"$2,320,000",,,,,,2320000.0,1,2320000.0
356,Bones Hyland,LAC,"$2,306,400","$4,158,439",,,,,6464839.0,2,3232419.5
357,Peyton Watson,DEN,"$2,303,520","$2,413,560","$4,356,476",,,,4717080.0,3,1572360.0
358,James Johnson,IND,"$777,703",,,,,,3386299.0,1,3386299.0
359,Cam Thomas,BRK,"$2,240,160","$4,041,249",,,,,2240160.0,2,1120080.0
360,Vlatko Čančar,DEN,"$2,234,359","$2,346,606",,,,,2234359.0,2,1117179.5
361,Vince Williams Jr.,MEM,"$2,232,308","$2,120,693","$2,301,587","$2,489,752",,,6654588.0,4,1663647.0
362,Jaden Springer,BOS,"$2,226,240","$4,018,363",,,,,6244603.0,2,3122301.5
363,Day'Ron Sharpe,BRK,"$2,210,040","$3,989,122",,,,,2210040.0,2,1105020.0
364,Jeff Dowtin,PHI,"$2,196,970",,,,,,127683.0,1,127683.0
365,Santi Aldama,MEM,"$2,194,200","$3,960,531",,,,,6154731.0,2,3077365.5
366,Jaxson Hayes,LAL,"$2,165,000","$2,463,946",,,,,2165000.0,2,1082500.0
367,Cam Reddish,LAL,"$2,165,000","$2,463,946",,,,,2165000.0,2,1082500.0
368,Oshae Brissett,BOS,"$2,165,000","$2,463,946",,,,,2165000.0,2,1082500.0
369,Andrew Nembhard,IND,"$2,131,905","$2,019,699","$2,187,451",,,,4151604.0,3,1383868.0
370,Luka Šamanić,UTA,"$2,066,585",,,,,,2066585.0,1,2066585.0
371,Goga Bitadze,ORL,"$2,066,585",,,,,,2066585.0,1,2066585.0
372,Colby Jones,SAC,"$2,019,706","$2,120,693","$2,221,677","$2,406,205",,,4140399.0,4,1035099.75
373,Taj Gibson,WAS,"$2,961,636",,,,,,2019706.0,1,2019706.0
374,Garrett Temple,TOR,"$2,019,706",,,,,,2019706.0,1,2019706.0
375,Sandro Mamukelashvili,SAS,"$2,019,706",,,,,,2019706.0,1,2019706.0
376,Robin Lopez,SAC,"$2,019,706",,,,,,2019706.0,1,2019706.0
377,JaVale McGee,SAC,"$4,368,030","$2,208,856","$2,208,856","$2,208,856","$2,208,856",,2019706.0,5,403941.2
378,Alex Len,SAC,"$2,019,706",,,,,,2019706.0,1,2019706.0
379,Dalano Banton,POR,"$2,019,706","$2,196,970",,,,,2019706.0,2,1009853.0
380,Bol Bol,PHO,"$2,019,706",,,,,,2019706.0,1,2019706.0
381,Montrezl Harrell,PHI,"$2,019,706",,,,,,2019706.0,1,2019706.0
382,Cameron Payne,PHI,"$8,519,706",,,,,,2019706.0,1,2019706.0
383,Kelly Oubre Jr.,PHI,"$2,019,706",,,,,,2019706.0,1,2019706.0
384,Mo Bamba,PHI,"$2,019,706",,,,,,2019706.0,1,2019706.0
385,Dylan Windler,NYK,"$2,019,706",,,,,,2019706.0,1,2019706.0
386,Cody Zeller,NOP,"$2,019,706",,,,,,2019706.0,1,2019706.0
387,Thanasis Antetokounmpo,MIL,"$2,019,706",,,,,,2019706.0,1,2019706.0
388,Patrick Beverley,MIL,"$2,019,706",,,,,,2019706.0,1,2019706.0
389,Jae Crowder,MIL,"$2,019,706",,,,,,2019706.0,1,2019706.0
390,Malik Beasley,MIL,"$2,019,706",,,,,,2019706.0,1,2019706.0
391,Chimezie Metu,MEM,"$2,351,562","$2,654,644",,,,,2019706.0,2,1009853.0
392,Lamar Stevens,MEM,"$2,419,706",,,,,,2019706.0,1,2019706.0
393,Cory Joseph,IND,"$2,019,706",,,,,,2019706.0,1,2019706.0
394,Reggie Bullock,HOU,"$13,033,786",,,,,,2019706.0,1,2019706.0
395,Dario Šarić,GSW,"$2,019,706",,,,,,2019706.0,1,2019706.0
396,Ryan Arcidiacono,DET,"$2,019,706",,,,,,2019706.0,1,2019706.0
397,DeAndre Jordan,DEN,"$2,019,706",,,,,,2019706.0,1,2019706.0
398,Justin Holiday,DEN,"$2,019,706",,,,,,2019706.0,1,2019706.0
399,Markieff Morris,DAL,"$2,019,706",,,,,,2019706.0,1,2019706.0
400,Derrick Jones Jr.,DAL,"$5,379,706",,,,,,2019706.0,1,2019706.0
401,Ish Smith,CHO,"$2,019,706",,,,,,2019706.0,1,2019706.0
402,Frank Ntilikina,CHO,"$2,019,706",,,,,,2019706.0,1,2019706.0
403,Terry Taylor,CHI,"$2,019,706",,,,,,2019706.0,1,2019706.0
404,Harry Giles,BRK,"$2,019,706",,,,,,2019706.0,1,2019706.0
405,Lonnie Walker IV,BRK,"$2,019,706",,,,,,2019706.0,1,2019706.0
406,Dennis Smith Jr.,BRK,"$2,019,706",,,,,,2019706.0,1,2019706.0
407,Svi Mykhailiuk,BOS,"$2,019,706",,,,,,2019706.0,1,2019706.0
408,Wesley Matthews,ATL,"$2,019,706",,,,,,2019706.0,1,2019706.0
409,Moses Brown,POR,"$2,019,706",,,,,,,1,
410,Boban Marjanović,HOU,"$2,019,706",,,,,,,1,
411,Aaron Holiday,HOU,"$2,019,706",,,,,,,1,
412,Tristan Thompson,CLE,"$2,019,706",,,,,,,1,
413,Trendon Watford,BRK,"$2,019,706",,,,,,,1,
414,Caleb Houstan,ORL,"$2,000,000","$2,019,699","$2,187,699",,,,2000000.0,3,666666.6666666666
415,Jaylin Williams,OKC,"$2,000,000","$2,019,699","$2,187,451",,,,2000000.0,3,666666.6666666666
416,Garrison Mathews,ATL,"$2,000,000","$2,230,253",,,,,,2,
417,Sam Merrill,CLE,"$1,997,238","$2,164,993",,,,,4162231.0,2,2081115.5
418,Anthony Gill,WAS,"$1,997,238",,,,,,1997238.0,1,1997238.0
419,Isaiah Joe,OKC,"$1,997,238","$2,164,993",,,,,,2,
420,GG Jackson II,MEM,"$1,991,428","$1,891,857","$2,221,677","$2,406,205",,,6104962.0,4,1526240.5
421,Duop Reath,POR,"$1,951,220","$2,048,780","$2,221,677",,,,4000000.0,3,1333333.3333333333
422,KJ Martin,PHI,"$1,930,681",,,,,,1930681.0,1,1930681.0
423,Naji Marshall,NOP,"$1,930,681",,,,,,1930681.0,1,1930681.0
424,Xavier Tillman Sr.,BOS,"$1,930,681",,,,,,1930681.0,1,1930681.0
425,Jordan Goodwin,BRK,"$1,927,896","$325,590",,,,,2253486.0,2,1126743.0
426,Kessler Edwards,SAC,"$1,927,896",,,,,,1927896.0,1,1927896.0
427,Ish Wainright,POR,"$1,927,896",,,,,,1927896.0,1,1927896.0
428,Jericho Sims,NYK,"$1,927,896","$2,092,344",,,,,1927896.0,2,963948.0
429,Sam Hauser,BOS,"$1,927,896","$2,092,344",,,,,1927896.0,2,963948.0
430,Haywood Highsmith,MIA,"$1,902,137",,,,,,1902137.0,1,1902137.0
431,A.J. Green,MIL,"$1,901,769","$2,120,693","$2,301,587",,,,1901769.0,3,633923.0
432,Jeremiah Robinson-Earl,HOU,"$684,843","$2,196,970",,,,,1900000.0,2,950000.0
433,Kevin Knox,UTA,"$1,845,593",,,,,,1845593.0,1,1845593.0
434,Miles McBride,NYK,"$1,836,096","$4,710,144","$4,333,333","$3,956,523",,,14836096.0,4,3709024.0
435,Isaiah Livers,WAS,"$1,836,096",,,,,,1836096.0,1,1836096.0
436,Isaiah Todd,MEM,"$1,836,096",,,,,,1836096.0,1,1836096.0
437,Brandon Boston Jr.,LAC,"$1,836,096",,,,,,1836096.0,1,1836096.0
438,JT Thor,CHO,"$1,836,096","$1,988,598",,,,,1836096.0,2,918048.0
439,Aaron Wiggins,OKC,"$1,836,096","$1,988,598",,,,,,2,
440,Jose Alvarado,NOP,"$1,836,096","$1,988,598",,,,,,2,
441,E.J. Liddell,NOP,"$1,801,769","$2,120,693","$2,301,587",,,,3922462.0,3,1307487.3333333333
442,Dru Smith,MIA,"$1,801,769",,,,,,1801769.0,1,1801769.0
443,Orlando Robinson,MIA,"$1,801,769","$2,120,693",,,,,1801769.0,2,900884.5
444,Leonard Miller,MIN,"$1,800,000","$1,891,857","$2,221,677","$2,406,205",,,3691857.0,4,922964.25
445,Skylar Mays,POR,"$1,799,163",,,,,,,1,
446,Joshua Primo,LAC,"$6,105,941","$2,196,970",,,,,1764341.0,2,882170.5
447,Daniel Theis,LAC,"$8,670,002",,,,,,1741126.0,1,1741126.0
448,Kennedy Chandler,MEM,"$1,719,864","$2,019,699",,,,,3739563.0,2,1869781.5
449,Ryan Rollins,WAS,"$1,719,864","$600,000",,,,,2319864.0,2,1159932.0
450,Jaden Hardy,DAL,"$1,719,864","$2,019,699",,,,,2119864.0,2,1059932.0
451,Xavier Cooks,WAS,"$1,719,864",,,,,,1719864.0,1,1719864.0
452,Christian Koloko,TOR,"$1,719,864","$2,019,699",,,,,1719864.0,2,859932.0
453,Jabari Walker,POR,"$1,719,864","$2,019,699",,,,,1719864.0,2,859932.0
454,Josh Minott,MIN,"$1,719,864","$2,019,699","$2,187,451",,,,1719864.0,3,573288.0
455,Kenneth Lofton Jr.,MEM,"$500,000","$2,120,693","$2,301,587",,,,1719864.0,3,573288.0
456,Max Christie,LAL,"$1,719,864",,,,,,1719864.0,1,1719864.0
457,Bryce McGowens,CHO,"$1,719,864","$2,019,699","$2,187,451",,,,1719864.0,3,573288.0
458,Jalen Pickett,DEN,"$1,708,143","$1,891,857","$2,221,677","$2,406,205",,,5821677.0,4,1455419.25
459,Julian Phillips,CHI,"$1,600,000","$1,891,857","$2,221,677","$2,406,205",,,5713534.0,4,1428383.5
460,Spencer Dinwiddie,LAL,"$21,911,797",,,,,,1554654.0,1,1554654.0
461,Matt Ryan,NOP,"$1,500,000","$2,196,970","$2,381,501",,,,1500000.0,3,500000.0
462,Craig Porter Jr.,CLE,"$1,500,000","$1,891,857","$2,221,677","$2,406,205",,,1500000.0,4,375000.0
463,Eric Bledsoe,POR,"$1,300,000","$1,300,000",,,,,2600000.0,2,1300000.0
464,Jared Butler,WAS,"$1,250,000","$2,196,970","$2,381,501",,,,3446970.0,3,1148990.0
465,Sidy Cissoko,SAS,"$1,119,563","$1,891,857","$2,221,677",,,,5233097.0,3,1744365.6666666667
466,Hunter Tyson,DEN,"$1,119,563","$1,891,857","$2,221,677","$2,406,205",,,5233097.0,4,1308274.25
467,Jordan Walsh,BOS,"$1,119,563","$1,891,857","$2,221,677","$2,406,205",,,3211420.0,4,802855.0
468,Rayan Rupert,POR,"$1,119,563","$1,891,857","$2,221,677",,,,3011420.0,3,1003806.6666666666
469,Chris Livingston,MIL,"$1,119,563","$1,891,857","$2,221,677","$2,406,205",,,3011420.0,4,752855.0
470,Maxwell Lewis,LAL,"$1,119,563","$1,891,857","$2,221,677","$2,406,205",,,3011420.0,4,752855.0
471,Trayce Jackson-Davis,GSW,"$1,119,563","$1,891,857","$2,221,677","$2,406,205",,,3011420.0,4,752855.0
472,Mouhamed Gueye,ATL,"$1,119,563","$1,891,857","$2,221,677","$2,406,205",,,3011420.0,4,752855.0
473,Toumani Camara,POR,"$1,119,563","$1,891,857","$2,221,677","$2,406,205",,,1119563.0,4,279890.75
474,Andre Jackson Jr.,MIL,"$1,119,563","$1,891,857","$2,221,677","$2,406,205",,,1119563.0,4,279890.75
475,Kendall Brown,IND,"$1,100,000","$2,120,693","$2,301,587",,,,1100000.0,3,366666.6666666667
476,Gui Santos,GSW,"$1,029,483","$1,891,857","$2,221,677",,,,1029483.0,3,343161.0
477,A.J. Lawson,DAL,"$1,000,000","$2,120,693","$2,301,587","$2,489,752",,,7912032.0,4,1978008.0
478,Eugene Omoruyi,WAS,"$900,000","$2,196,970",,,,,900000.0,2,450000.0
479,Ricky Council IV,PHI,"$864,353","$1,891,857","$2,221,677","$2,406,205",,,4977887.0,4,1244471.75
480,Jalen Wilson,BRK,"$850,000","$1,891,857","$2,221,677",,,,850000.0,3,283333.3333333333
481,DaQuan Jeffries,NYK,"$1,324,828","$2,463,946",,,,,1324828.0,2,662414.0
482,James Johnson,IND,"$777,703",,,,,,3386299.0,1,3386299.0
483,Lindy Waters III,OKC,"$766,095","$2,196,970",,,,,766095.0,2,383047.5
484,Bismack Biyombo,OKC,"$5,754,488",,,,,,754488.0,1,754488.0
485,Nik Stauskas,IND,"$702,311","$702,310",,,,,1404621.0,2,702310.5
486,Jeremiah Robinson-Earl,NOP,"$684,843","$2,196,970",,,,,684843.0,2,342421.5
487,Keon Ellis,SAC,"$683,430","$2,120,693","$2,301,587",,,,683430.0,3,227810.0
488,Danilo Gallinari,MIL,"$7,464,578",,,,,,661628.0,1,661628.0
489,Delon Wright,MIA,"$8,856,750",,,,,,661628.0,1,661628.0
490,Thaddeus Young,PHO,"$8,638,413",,,,,,638413.0,1,638413.0
491,Jack White,OKC,"$600,000",,,,,,600000.0,1,600000.0
492,Juwan Morgan,IND,"$576,230","$576,229",,,,,1152459.0,2,576229.5
493,Aleksej Pokusevski,CHO,"$5,574,809","$2,273,252",,,,,565176.0,2,282588.0
494,Filip Petrušev,SAC,"$559,782",,,,,,559782.0,1,559782.0
495,Malik Fitts,IND,"$555,217","$555,216",,,,,1110433.0,2,555216.5
496,Lester Quinones,GSW,"$548,815",,,,,,548815.0,1,548815.0
497,Stanley Umude,DET,"$538,460","$2,120,693",,,,,538460.0,2,269230.0
498,Trent Forrest,ATL,"$533,945",,,,,,533945.0,1,533945.0
499,Mike Muscala,OKC,"$4,010,730",,,,,,510730.0,1,510730.0
500,Darius Bazley,UTA,"$616,075","$2,463,946","$2,781,053",,,,500000.0,3,166666.66666666666
501,Kenneth Lofton Jr.,UTA,"$500,000","$2,120,693","$2,301,587",,,,500000.0,3,166666.66666666666
502,Onuralp Bitim,CHI,"$500,000","$1,891,857","$2,221,677",,,,500000.0,3,166666.66666666666
503,Taj Gibson,NYK,"$2,961,636",,,,,,845038.0,1,845038.0
504,Shake Milton,NYK,"$5,475,908","$5,000,000",,,,,5475908.0,2,2737954.0
505,Patty Mills,MIA,"$7,267,250",,,,,,464300.0,1,464300.0
506,Dominick Barlow,SAS,"$455,620",,,,,,455620.0,1,455620.0
507,Lamar Stevens,SAS,"$2,419,706",,,,,,400000.0,1,400000.0
508,Taj Gibson,DET,"$2,961,636",,,,,,464300.0,1,464300.0
509,Juan Toscano-Anderson,SAC,"$439,581",,,,,,439581.0,1,439581.0
510,Nerlens Noel,SAC,"$300,000",,,,,,300000.0,1,300000.0
511,Javon Freeman-Liberty,TOR,"$289,542","$1,891,857",,,,,289542.0,2,144771.0
512,Didi Louzada,POR,"$268,032","$268,032","$268,032","$268,032","$268,032","$268,032",1608192.0,6,268032.0
513,DaQuan Jeffries,NYK,"$1,324,828","$2,463,946",,,,,1324828.0,2,662414.0
514,Mamadi Diakite,NYK,"$368,600","$2,273,252",,,,,2641852.0,2,1320926.0
515,Neemias Queta,SAC,"$331,253","$2,196,970",,,,,250000.0,2,125000.0
516,T.J. Warren,MIN,"$452,693",,,,,,452693.0,1,452693.0
517,Chimezie Metu,DET,"$2,351,562","$2,654,644",,,,,331856.0,2,165928.0
518,Danny Green,PHI,"$200,000",,,,,,200000.0,1,200000.0
519,Marcus Morris,CLE,"$17,429,682",,,,,,313403.0,1,313403.0
520,James Johnson,IND,"$777,703",,,,,,3386299.0,1,3386299.0
521,James Johnson,IND,"$777,703",,,,,,3386299.0,1,3386299.0
522,Taj Gibson,NYK,"$2,961,636",,,,,,845038.0,1,845038.0
523,Taj Gibson,NYK,"$2,961,636",,,,,,845038.0,1,845038.0
524,Zhaire Smith,CLE,"$139,290",,,,,,139290.0,1,139290.0
525,Javonte Green,CHI,"$243,758",,,,,,243758.0,1,243758.0
526,Jeff Dowtin,PHI,"$2,196,970",,,,,,127683.0,1,127683.0
527,Luka Garza,MIN,"$127,683",,,,,,127683.0,1,127683.0
528,Mamadi Diakite,NYK,"$368,600","$2,273,252",,,,,2641852.0,2,1320926.0
529,DaQuan Jeffries,NYK,"$1,324,828","$2,463,946",,,,,1324828.0,2,662414.0
530,DaQuan Jeffries,NYK,"$1,324,828","$2,463,946",,,,,1324828.0,2,662414.0
531,Taj Gibson,DET,"$2,961,636",,,,,,464300.0,1,464300.0
532,T.J. Warren,MIN,"$452,693",,,,,,452693.0,1,452693.0
533,T.J. Warren,MIN,"$452,693",,,,,,452693.0,1,452693.0
534,Juan Toscano-Anderson,SAC,"$439,581",,,,,,439581.0,1,439581.0
535,Chimezie Metu,DET,"$2,351,562","$2,654,644",,,,,331856.0,2,165928.0
536,Marcus Morris,CLE,"$17,429,682",,,,,,313403.0,1,313403.0
537,Isaiah Thomas,PHO,"$301,795",,,,,,301795.0,1,301795.0
538,Isaiah Thomas,PHO,"$301,795",,,,,,301795.0,1,301795.0
539,Javonte Green,CHI,"$243,758",,,,,,243758.0,1,243758.0
540,Jaylen Nowell,MEM,,,,,,,232150.0,0,inf
541,Jaylen Nowell,MEM,,,,,,,232150.0,0,inf
542,Hamidou Diallo,WAS,"$116,075",,,,,,116075.0,1,116075.0
543,Kai Jones,PHI,"$3,175,563","$2,196,970",,,,,116075.0,2,58037.5
544,Darius Bazley,PHI,"$616,075","$2,463,946","$2,781,053",,,,116075.0,3,38691.666666666664
545,Malcolm Hill,NOP,,,,,,,116075.0,0,inf
546,Jordan Goodwin,MEM,"$1,927,896","$325,590",,,,,116075.0,2,58037.5
547,Ashton Hagans,POR,"$103,550",,,,,,103550.0,1,103550.0
548,Demetrius Jackson,BOS,"$92,857",,,,,,92857.0,1,92857.0
549,Neemias Queta,BOS,"$331,253","$2,196,970",,,,,81253.0,2,40626.5
550,Tosan Evbuomwan,DET,"$135,120",,,,,,70777.0,1,70777.0
551,Isaiah Thomas,PHO,"$301,795",,,,,,301795.0,1,301795.0
552,Malik Williams,TOR,"$77,212",,,,,,77212.0,1,77212.0
553,Trey Jemison,WAS,,,,,,,64343.0,0,inf
554,Mouhamadou Gueye,TOR,,,,,,,64343.0,0,inf
555,Taze Moore,POR,"$64,343",,,,,,64343.0,1,64343.0
556,Tosan Evbuomwan,MEM,"$135,120",,,,,,64343.0,1,64343.0
557,Trey Jemison,MEM,,,,,,,64343.0,0,inf
558,Matthew Hurt,MEM,,,,,,,64343.0,0,inf
559,Pete Nance,CLE,"$64,343",,,,,,64343.0,1,64343.0
560,Malik Williams,TOR,"$77,212",,,,,,77212.0,1,77212.0
561,Kai Jones,LAC,"$3,175,563","$2,196,970",,,,,11608.0,2,5804.0
562,Usman Garuba,GSW,"$2,600,008",,,,,,11608.0,1,11608.0
